id,occupancy_status,unit_status,units_in_building,unit_floor,year_built,bedrooms
12100005,1,32,10,3,9,1
12100038,1,32,9,3,11,1
12100040,1,32,9,4,4,0
12100042,1,5,6,2,4,2
12100098,1,80,3,-2,4,2
12100100,1,80,2,2,3,3
12100120,1,32,5,2,4,1
12100133,1,80,3,3,5,1
12100149,1,97,10,6,5,1
12100178,1,32,9,5,5,1
12100183,1,80,3,2,3,2
12100207,1,96,3,2,3,4
12100241,1,80,8,3,2,1
12100244,1,97,10,6,6,2
12100249,1,32,10,2,5,1
12100250,1,32,10,5,9,1
12100263,4,4,1,-2,1,3
12100271,1,6,2,2,5,3
12100272,1,12,10,6,3,2
12100279,1,96,9,1,4,2
12100287,1,5,9,4,5,3
12100338,1,80,3,2,3,2
12100352,1,6,2,2,2,3
12100364,1,6,1,-2,3,3
12100384,1,80,7,1,1,1
12100395,1,6,2,1,2,1
12100407,1,80,3,2,1,2
12100410,1,80,2,0,5,0
12100436,1,32,8,5,2,2
12100437,1,6,1,-2,10,6
12100452,1,80,9,6,6,2
12100471,1,32,9,5,4,1
12100478,1,5,9,5,6,1
12100482,1,80,6,3,2,4
12100490,1,80,8,4,4,1
12100493,1,97,10,6,9,3
12100505,1,32,4,3,4,1
12100529,4,4,1,-2,4,3
12100574,1,6,1,-2,9,4
12100579,1,6,2,2,5,2
12100620,1,80,3,3,2,2
12100635,4,4,3,1,10,2
12100676,1,80,2,1,3,1
12100692,1,5,10,5,6,1
12100702,1,6,1,-2,2,3
12100708,1,80,3,3,2,2
12100709,1,12,3,3,10,3
12100714,1,80,2,1,4,2
12100715,1,80,4,2,4,2
12100719,1,96,10,3,6,1
12100722,1,32,9,5,4,1
12100745,1,80,2,-2,1,2
12100758,1,5,8,-1,4,3
12100777,1,80,7,4,3,1
12100785,1,32,8,1,3,1
12100799,1,6,2,2,4,3
12100800,1,6,1,-2,4,6
12100816,1,6,2,2,4,2
12100825,1,5,8,3,8,2
12100840,1,97,10,6,11,3
12100849,1,5,8,5,4,3
12100877,1,32,9,4,3,1
12100886,1,32,9,5,10,1
12100892,4,4,5,1,3,2
12100906,1,80,1,-2,5,4
12100930,1,80,8,2,5,1
12100934,1,2,9,2,3,3
12100939,1,6,2,-2,6,2
12100950,1,80,2,0,3,2
12100966,1,32,9,2,4,2
12100977,1,6,1,-2,3,3
12101006,1,32,5,1,3,2
12101011,1,2,8,2,5,1
12101026,1,12,8,3,5,3
12101028,1,2,9,4,3,2
12101039,1,97,9,4,7,3
12101047,1,80,3,3,2,1
12101048,1,80,5,3,1,3
12101050,1,80,4,2,3,1
12101071,1,5,6,1,4,1
12101074,1,6,1,-1,2,4
12101083,1,97,10,2,6,1
12101095,1,97,10,5,5,1
12101107,1,32,5,3,4,1
12101143,1,97,10,4,7,0
12101150,1,6,3,2,2,2
12101152,4,4,10,5,6,2
12101154,1,6,1,-2,2,3
12101164,1,32,9,3,5,1
12101168,1,80,3,3,6,2
12101178,1,5,8,5,4,2
12101227,1,80,5,1,3,2
12101238,1,80,5,3,4,2
12101239,1,6,1,-2,2,2
12101294,1,6,3,2,3,2
12101297,1,97,10,6,5,2
12101302,1,6,1,-2,6,4
12101308,1,12,3,1,10,2
12101312,1,32,9,5,4,2
12101321,1,5,10,5,5,3
12101326,4,4,8,2,3,2
12101329,1,5,10,6,5,1
12101339,1,32,8,2,1,1
12101344,1,80,3,1,3,2
12101357,1,32,5,3,10,2
12101373,1,32,8,2,2,2
12101375,1,32,10,4,6,0
12101381,4,4,10,6,6,1
12101385,1,6,2,2,1,2
12101395,1,12,5,4,10,1
12101413,1,80,4,1,4,2
12101417,1,12,2,2,10,2
12101449,1,12,3,2,10,4
12101473,1,6,2,-2,3,3
12101495,1,80,2,2,4,1
12101496,1,32,9,4,5,2
12101508,1,32,8,3,11,2
12101512,1,5,8,4,5,3
12101514,1,80,3,2,1,2
12101521,1,6,1,-2,3,3
12101552,1,80,3,2,2,3
12101554,1,32,9,5,11,1
12101583,1,32,9,1,3,1
12101586,1,32,10,6,11,0
12101611,1,80,8,3,4,2
12101621,1,32,8,2,4,2
12101622,1,80,2,2,3,1
12101632,1,80,3,1,4,3
12101639,1,32,6,3,10,2
12101657,1,97,9,5,7,2
12101684,1,2,8,4,4,1
12101704,1,80,4,3,4,1
12101707,1,2,9,4,5,1
12101730,1,6,2,1,2,2
12101732,1,97,10,5,7,2
12101739,1,80,3,3,2,2
12101757,1,32,10,5,6,1
12101763,1,32,7,2,2,1
12101786,1,32,9,3,4,0
12101791,1,32,8,3,4,1
12101794,3,3,10,5,2,1
12101816,1,80,2,2,4,1
12101839,1,6,1,-2,3,2
12101840,1,80,4,1,4,1
12101842,4,4,2,-2,4,1
12101856,1,80,4,1,2,1
12101857,1,80,10,5,5,2
12101885,1,80,2,2,4,3
12101894,1,32,8,3,4,2
12101913,1,80,8,3,1,1
12101920,1,80,1,-2,2,4
12101935,4,4,1,-2,1,2
12101944,1,6,2,1,3,6
12101966,1,5,10,2,5,3
12101970,4,4,9,1,4,2
12101975,1,32,5,1,4,1
12102056,1,32,8,3,2,2
12102061,1,32,9,3,11,1
12102063,1,32,8,4,3,2
12102068,1,96,10,2,5,2
12102073,1,32,5,1,2,2
12102088,1,6,2,2,6,4
12102099,1,80,6,1,4,3
12102147,1,32,10,5,4,1
12102152,1,6,1,-2,4,2
12102153,1,96,10,6,6,2
12102161,1,80,3,2,4,1
12102163,1,80,4,4,3,1
12102169,1,6,2,1,2,4
12102171,1,32,10,2,3,1
12102181,1,32,9,5,10,2
12102184,1,32,5,2,3,2
12102223,4,4,2,2,3,2
12102246,1,96,10,5,6,2
12102264,1,32,2,2,10,1
12102267,1,80,2,1,6,2
12102272,1,32,8,4,2,2
12102308,1,80,2,2,3,3
12102311,1,80,2,2,2,1
12102319,4,4,2,0,3,2
12102320,1,6,8,3,3,2
12102328,1,80,3,1,10,4
12102333,1,6,1,-2,2,4
12102351,1,32,3,1,10,3
12102357,1,6,1,-2,3,3
12102369,1,80,1,-2,3,4
12102372,1,97,10,5,6,2
12102397,1,80,5,3,4,1
12102398,1,80,5,2,3,2
12102401,1,6,2,1,3,3
12102402,1,12,4,3,2,3
12102415,1,32,2,1,3,2
12102418,1,32,8,5,5,2
12102419,1,32,9,4,4,2
12102433,1,6,3,2,3,3
12102442,1,80,8,4,3,1
12102443,1,80,2,1,5,1
12102444,1,97,9,5,5,3
12102506,1,90,4,4,2,3
12102509,1,97,10,6,5,1
12102510,1,32,8,5,4,0
12102524,1,5,9,3,11,2
12102532,1,12,4,3,10,3
12102537,1,6,2,1,2,5
12102549,1,80,9,1,5,2
12102596,1,80,4,1,4,2
12102628,1,32,9,5,5,1
12102638,1,32,10,4,4,2
12102658,1,80,4,2,4,2
12102659,1,80,3,1,11,2
12102670,1,32,9,1,3,1
12102678,1,6,4,2,3,1
12102681,1,6,2,1,3,6
12102687,1,32,9,2,10,1
12102744,1,32,8,4,5,1
12102745,1,97,10,5,6,1
12102752,1,80,3,0,8,0
12102758,2,80,7,5,3,2
12102767,1,80,5,3,11,2
12102769,2,32,5,2,3,2
12102782,4,4,1,-2,2,5
12102797,1,80,2,2,2,2
12102818,1,32,10,4,5,0
12102866,1,96,10,7,6,2
12102872,1,80,3,2,6,2
12102874,1,80,8,4,11,1
12102886,1,32,10,6,10,1
12102905,1,32,7,2,2,1
12102909,1,32,5,2,10,1
12102924,1,5,8,5,8,1
12102965,1,32,10,5,6,1
12102976,1,80,4,1,4,1
12102992,1,32,5,2,4,3
12102994,1,97,10,6,5,2
12102997,1,80,2,2,1,2
12103008,1,32,9,1,4,1
12103013,1,97,10,5,7,1
12103024,1,5,10,5,5,3
12103034,4,4,4,1,3,1
12103035,1,32,10,5,5,2
12103065,1,80,10,5,6,2
12103091,1,6,2,1,4,1
12103096,1,32,6,3,5,3
12103107,1,5,9,5,6,2
12103128,1,32,7,1,3,1
12103129,1,32,9,5,6,1
12103155,1,2,9,3,5,2
12103160,1,80,9,1,6,1
12103162,1,97,9,4,7,4
12103167,1,80,5,3,6,3
12103171,1,32,5,2,2,3
12103174,1,32,5,3,2,2
12103177,1,97,10,5,5,3
12103185,1,80,1,-2,1,1
12103222,1,97,5,2,7,1
12103233,1,80,4,3,2,2
12103235,2,80,3,3,2,1
12103237,1,5,8,5,5,2
12103246,1,80,9,5,5,2
12103250,1,2,10,6,5,2
12103260,1,32,10,4,11,2
12103274,1,6,1,-2,3,3
12103279,1,2,8,5,3,3
12103280,1,80,4,2,2,3
12103288,1,5,8,4,4,2
12103311,4,4,9,5,6,1
12103330,1,96,10,5,6,2
12103332,1,32,5,1,3,1
12103337,1,12,10,1,5,2
12103340,1,6,3,1,6,1
12103348,1,12,5,3,10,4
12103352,1,80,6,1,5,1
12103356,4,4,10,3,6,2
12103366,1,32,8,4,4,1
12103371,1,5,8,5,5,2
12103372,1,6,3,2,3,3
12103378,1,32,8,5,4,2
12103379,1,32,8,4,2,2
12103384,1,5,8,4,5,2
12103387,1,32,8,5,5,1
12103389,1,80,10,5,6,1
12103395,1,12,7,1,10,2
12103400,1,80,3,2,4,1
12103433,1,80,5,2,2,2
12103447,1,80,2,2,2,1
12103449,1,5,9,1,5,2
12103458,1,32,9,3,4,1
12103463,1,32,5,3,4,2
12103495,1,32,9,3,4,2
12103511,1,6,2,1,6,3
12103525,1,32,9,6,11,0
12103533,1,32,10,3,6,3
12103538,1,96,1,-2,2,2
12103543,1,90,5,2,4,1
12103591,1,80,1,-2,3,2
12103623,1,6,2,2,2,3
12103628,1,32,7,3,2,2
12103641,1,80,1,1,4,2
12103661,1,80,10,6,6,3
12103668,1,80,3,2,7,3
12103679,1,32,10,6,11,1
12103687,1,6,1,-2,8,3
12103699,1,97,9,4,4,0
12103702,4,4,8,5,5,2
12103713,1,80,9,5,11,1
12103738,1,32,9,3,4,3
12103748,1,32,5,2,4,2
12103755,1,97,10,5,9,3
12103760,1,5,10,6,6,3
12103794,1,32,7,4,10,3
12103795,1,80,5,1,3,2
12103798,1,6,1,-2,3,3
12103837,1,6,2,-2,4,5
12103838,1,5,5,3,5,3
12103849,1,32,9,1,4,1
12103851,1,6,2,2,5,4
12103857,1,80,3,1,1,2
12103873,1,6,1,-2,2,4
12103892,4,4,2,-1,4,2
12103898,1,32,9,3,2,2
12103900,1,6,2,1,4,2
12103907,1,80,5,3,3,1
12103913,1,32,8,5,3,1
12103941,1,80,2,3,6,2
12103952,1,5,9,1,6,1
12103955,4,4,8,3,3,1
12103962,1,6,1,-2,2,4
12103965,1,6,2,2,3,4
12103994,1,12,9,5,2,2
12104002,1,6,2,0,1,3
12104004,1,2,9,5,4,1
12104014,1,80,7,2,3,3
12104015,1,32,10,1,5,3
12104023,1,97,5,3,7,2
12104041,1,32,7,3,3,1
12104065,1,6,1,-2,5,3
12104078,4,4,5,3,4,2
12104087,1,32,5,2,4,2
12104118,1,12,5,2,10,4
12104182,1,32,10,1,4,2
12104192,2,80,9,5,6,2
12104198,1,5,10,6,11,3
12104200,1,6,1,-2,2,3
12104204,1,12,10,5,2,2
12104223,1,32,10,5,6,1
12104253,1,5,10,4,5,2
12104284,1,80,9,1,5,1
12104297,1,32,7,2,4,2
12104310,1,6,2,1,3,2
12104326,1,32,9,2,3,1
12104332,1,5,10,5,5,3
12104340,1,80,3,2,6,2
12104346,1,5,9,4,6,2
12104353,1,80,9,5,4,0
12104370,1,80,10,1,6,1
12104374,1,6,4,2,4,3
12104385,1,80,3,1,3,3
12104405,1,32,10,2,11,2
12104421,1,80,3,4,3,5
12104438,4,4,9,3,5,1
12104457,1,32,9,5,4,2
12104482,1,32,9,5,5,1
12104487,1,96,1,-2,11,3
12104509,1,80,2,2,2,2
12104517,1,32,8,4,3,1
12104546,4,4,5,3,4,0
12104576,1,80,3,3,10,2
12104578,1,32,8,5,4,1
12104582,1,90,9,2,3,1
12104590,1,80,2,1,1,2
12104612,1,97,9,4,7,1
12104619,1,5,10,5,6,3
12104626,1,32,10,5,5,1
12104670,1,5,8,4,4,4
12104682,3,3,5,4,11,2
12104692,1,80,4,3,3,3
12104702,1,32,8,4,3,1
12104706,1,32,8,2,3,2
12104711,1,32,8,4,5,1
12104733,1,80,8,5,6,2
12104740,2,80,3,2,1,2
12104742,1,97,10,3,11,4
12104748,1,80,9,5,7,0
12104753,1,80,4,4,10,3
12104773,1,32,3,2,10,1
12104778,1,80,10,2,6,1
12104782,1,97,5,2,7,2
12104799,2,32,8,1,2,2
12104802,1,12,8,3,5,2
12104812,1,80,3,3,2,0
12104831,1,80,4,1,4,2
12104836,1,32,9,4,5,3
12104861,1,80,9,5,11,2
12104903,1,32,9,5,3,1
12104926,1,80,2,3,2,2
12104931,1,80,10,6,6,1
12104939,1,6,2,1,2,2
12104946,1,80,6,1,2,1
12104966,1,2,10,2,6,3
12104977,1,5,7,4,4,2
12105003,1,80,4,2,4,2
12105009,1,6,1,-2,3,3
12105022,1,6,1,-2,4,3
12105031,1,6,1,-2,4,3
12105056,1,2,9,5,5,1
12105071,1,32,7,5,2,2
12105107,1,2,9,4,4,0
12105133,1,80,7,1,10,1
12105153,1,80,5,2,4,3
12105159,1,90,9,5,3,1
12105163,4,4,4,2,4,1
12105177,1,32,10,6,11,1
12105182,1,80,3,0,3,1
12105199,1,32,7,3,2,1
12105200,1,97,10,6,7,1
12105235,1,5,8,1,5,1
12105236,1,80,2,2,5,3
12105247,1,2,10,3,6,1
12105251,1,32,10,3,11,2
12105252,1,6,3,3,1,1
12105263,1,6,2,0,4,4
12105265,1,32,10,5,10,1
12105270,1,80,2,0,5,1
12105334,1,32,8,1,4,1
12105340,1,32,8,4,3,2
12105346,1,6,3,1,3,3
12105355,1,80,2,1,3,2
12105357,1,80,6,3,8,2
12105359,1,32,5,1,4,3
12105360,1,32,9,5,4,1
12105368,1,80,9,4,10,1
12105384,1,12,5,2,8,2
12105396,1,80,3,3,9,2
12105399,1,32,8,3,11,2
12105407,1,32,7,1,2,2
12105444,1,32,10,2,3,1
12105465,1,32,7,4,4,2
12105473,1,5,8,3,5,1
12105491,1,80,2,-2,2,1
12105502,1,2,9,4,3,1
12105507,1,97,10,6,11,3
12105509,1,32,9,2,6,0
12105514,1,32,8,1,4,1
12105534,1,80,2,1,1,2
12105551,1,80,2,2,4,1
12105564,1,80,3,1,2,3
12105572,1,32,10,6,6,2
12105576,1,32,10,1,6,1
12105579,4,4,2,2,4,3
12105604,1,2,10,5,6,1
12105614,1,6,1,-2,2,4
12105618,1,32,5,1,4,3
12105623,1,96,2,1,11,3
12105627,1,6,1,-2,2,5
12105644,1,80,9,5,6,3
12105654,1,80,2,2,3,1
12105671,1,32,7,4,10,3
12105682,1,32,7,2,3,1
12105685,1,5,8,3,5,1
12105689,1,6,2,2,3,2
12105706,1,32,8,1,3,1
12105707,1,5,8,1,5,1
12105716,1,5,8,4,4,3
12105717,1,6,3,1,3,3
12105727,1,80,9,1,3,1
12105741,1,32,5,3,4,2
12105753,1,6,2,-2,6,6
12105763,1,80,2,2,5,2
12105773,1,32,5,2,4,2
12105786,1,80,9,4,4,1
12105796,1,5,9,5,5,2
12105797,2,32,9,3,3,1
12105836,4,4,2,1,6,1
12105846,1,32,8,4,4,1
12105868,1,80,3,2,8,1
12105869,1,6,3,2,2,3
12105872,1,6,2,-2,1,3
12105873,1,2,4,5,3,2
12105891,1,80,9,3,5,1
12105896,1,6,2,1,2,2
12105909,1,80,2,1,4,1
12105926,1,6,1,-2,4,3
12105965,1,80,10,6,6,2
12105972,1,32,9,2,11,0
12105978,1,6,1,-2,8,3
12105981,1,6,2,1,10,3
12105989,1,80,7,4,3,2
12105995,1,97,10,5,7,1
12106005,1,32,5,2,3,1
12106035,1,6,2,2,10,3
12106037,1,32,8,1,3,1
12106049,1,6,2,2,1,2
12106052,1,80,5,2,1,1
12106054,1,80,10,3,6,2
12106056,1,97,10,6,5,1
12106064,1,32,7,3,2,3
12106101,1,32,5,1,2,1
12106104,1,32,8,2,4,2
12106108,1,6,2,3,5,3
12106111,1,6,4,2,9,3
12106173,1,6,2,2,6,1
12106189,1,80,2,2,4,3
12106196,1,32,7,1,2,2
12106198,4,4,2,1,4,1
12106216,1,90,5,4,3,1
12106225,4,4,3,1,2,1
12106237,1,80,10,1,3,2
12106249,1,80,2,2,2,2
12106252,3,3,1,-2,4,3
12106287,1,80,3,2,1,4
12106289,1,80,2,1,2,2
12106324,1,32,5,1,10,3
12106339,1,32,10,4,3,0
12106375,1,6,2,1,3,3
12106406,1,32,9,1,3,2
12106443,1,97,10,6,6,3
12106466,1,6,2,1,5,5
12106471,1,80,9,1,4,1
12106472,1,80,9,5,10,1
12106492,1,6,2,1,1,4
12106496,1,5,10,5,11,1
12106507,1,5,9,4,6,2
12106521,1,80,4,2,4,3
12106531,1,32,9,3,6,1
12106582,1,32,8,3,3,1
12106606,1,32,9,3,3,1
12106624,1,80,2,1,3,2
12106643,1,12,5,1,10,2
12106652,1,32,7,0,2,3
12106655,4,4,8,6,4,2
12106667,1,5,10,2,6,2
12106691,1,97,10,5,7,1
12106723,1,5,10,2,6,1
12106736,1,96,10,5,6,1
12106745,1,80,3,2,2,2
12106749,1,32,7,1,3,1
12106757,1,80,2,2,2,2
12106773,1,6,2,1,3,3
12106778,1,80,3,1,2,1
12106801,1,80,1,-2,4,2
12106803,1,5,9,5,5,2
12106805,4,4,3,1,10,3
12106808,1,32,8,1,3,1
12106811,1,80,10,5,5,1
12106816,1,80,7,2,2,3
12106818,1,12,8,5,10,2
12106819,1,5,10,5,6,2
12106824,1,80,3,3,2,2
12106827,1,97,9,2,3,1
12106873,1,32,7,3,2,1
12106874,1,80,2,3,4,1
12106884,1,80,7,4,4,2
12106889,1,32,9,2,3,1
12106897,1,5,8,5,6,1
12106900,1,80,2,2,4,1
12106908,1,80,3,1,2,2
12106914,1,80,2,3,1,1
12106934,1,80,6,5,3,1
12106976,1,97,10,6,7,2
12106980,1,6,1,-2,4,3
12107006,3,3,3,3,10,1
12107017,1,80,2,2,2,2
12107049,1,32,8,3,3,1
12107053,1,80,10,6,6,2
12107062,1,6,3,2,6,4
12107073,1,97,10,6,6,1
12107077,1,5,8,5,4,3
12107089,1,80,2,2,3,3
12107114,1,6,1,-2,4,3
12107116,1,5,8,2,5,1
12107161,1,6,2,1,2,1
12107179,1,97,10,5,8,1
12107194,4,4,8,4,2,2
12107211,1,97,9,5,5,2
12107217,1,32,5,3,4,2
12107218,1,97,9,5,9,1
12107238,1,80,3,2,4,1
12107242,1,80,9,1,4,2
12107250,3,96,10,5,5,1
12107284,1,97,9,2,6,1
12107299,1,32,10,5,10,2
12107309,1,32,10,5,11,1
12107314,1,6,1,-2,4,4
12107323,1,5,10,7,5,2
12107325,1,80,9,6,6,2
12107375,1,80,1,-2,10,2
12107386,1,32,5,4,11,1
12107394,1,5,7,2,6,2
12107395,4,4,2,2,3,0
12107407,4,4,7,1,4,2
12107418,1,5,8,2,5,2
12107431,4,4,8,1,4,1
12107433,1,32,8,4,2,2
12107437,1,80,4,1,4,2
12107481,1,6,2,2,3,2
12107503,1,80,5,2,4,2
12107512,1,80,10,1,6,1
12107531,1,80,8,1,4,2
12107541,1,2,10,6,5,2
12107557,1,32,5,1,4,3
12107561,1,80,4,1,2,1
12107567,1,12,10,3,10,2
12107579,1,32,5,3,3,2
12107580,1,6,2,2,7,4
12107597,1,32,4,2,4,1
12107614,1,12,5,1,2,3
12107618,1,80,3,1,1,3
12107621,1,32,8,4,3,2
12107626,1,80,9,5,9,1
12107628,1,32,10,1,3,1
12107634,1,80,2,-2,10,3
12107652,1,32,9,1,4,1
12107663,1,80,10,6,6,2
12107667,1,12,5,5,10,4
12107699,1,5,8,1,5,1
12107705,1,6,2,1,4,2
12107710,4,4,1,-2,3,3
12107718,1,6,9,4,6,0
12107721,1,6,2,1,2,3
12107739,1,97,10,5,9,2
12107754,1,2,7,3,3,2
12107779,4,4,4,1,2,0
12107782,1,6,1,-2,3,3
12107828,1,6,2,1,2,3
12107843,1,5,9,3,5,2
12107857,1,6,1,2,1,4
12107863,4,4,1,-2,2,2
12107870,1,5,8,4,6,2
12107874,1,2,10,6,6,3
12107882,1,32,8,2,3,2
12107917,1,97,10,6,9,2
12107940,4,4,10,3,6,1
12107944,1,80,2,2,4,3
12107953,1,32,10,5,11,2
12107984,1,96,3,1,10,3
12107994,1,5,9,5,6,2
12108015,4,4,9,1,9,1
12108028,4,4,3,1,3,1
12108047,1,6,1,-2,2,4
12108052,1,80,3,2,2,3
12108059,1,97,10,5,6,2
12108062,1,96,10,2,5,2
12108077,1,5,10,7,5,1
12108098,1,80,2,1,6,2
12108101,1,32,9,5,3,1
12108108,1,80,9,3,3,2
12108112,1,32,8,5,4,3
12108150,1,5,9,5,5,3
12108151,1,80,4,1,1,5
12108152,3,96,10,5,5,2
12108169,1,5,9,5,6,2
12108230,4,4,3,2,2,1
12108249,1,32,8,1,4,1
12108254,1,6,1,-2,3,3
12108259,1,5,9,5,6,2
12108260,1,5,10,1,6,3
12108294,4,4,9,5,6,1
12108295,1,80,4,3,4,2
12108298,1,6,4,1,3,2
12108304,2,80,5,2,3,2
12108307,1,97,10,6,6,2
12108328,1,97,10,6,6,1
12108342,1,80,6,3,2,1
12108349,1,6,1,-2,1,4
12108364,1,80,3,2,4,1
12108369,1,6,2,2,4,2
12108370,1,6,3,1,4,3
12108380,1,5,8,5,5,2
12108385,1,32,7,4,4,1
12108418,1,80,3,2,4,1
12108464,1,96,3,3,10,2
12108481,1,32,10,2,8,1
12108494,1,6,1,-2,3,3
12108524,1,32,9,2,5,1
12108526,1,97,10,6,5,1
12108546,1,32,8,4,4,2
12108555,1,6,1,-2,3,4
12108569,1,32,8,4,4,1
12108586,1,6,4,2,4,2
12108603,1,32,8,4,3,2
12108616,1,6,2,2,6,3
12108640,4,4,8,1,2,1
12108641,1,32,5,2,3,2
12108674,1,6,2,2,2,3
12108691,1,5,10,5,5,1
12108743,1,97,10,5,5,1
12108759,1,6,3,2,4,1
12108793,1,97,9,5,11,0
12108798,1,80,9,3,10,1
12108802,1,2,9,2,6,3
12108804,1,80,3,2,4,1
12108813,1,32,5,2,2,2
12108837,1,32,8,2,3,1
12108852,1,80,1,-2,2,2
12108855,1,97,10,5,6,2
12108874,1,32,7,3,3,1
12108875,1,80,4,4,2,3
12108877,1,80,3,3,6,1
12108879,1,80,5,4,11,2
12108889,4,4,1,-2,2,1
12108893,1,80,9,3,6,1
12108914,1,32,6,3,4,1
12108916,1,6,1,-2,3,4
12108918,1,5,9,2,6,3
12108924,1,5,10,5,5,3
12108946,1,90,5,1,4,2
12108950,1,5,8,5,5,2
12108960,1,5,8,2,6,1
12108967,1,5,8,5,5,1
12108970,1,32,9,4,3,1
12108980,1,32,9,3,6,2
12109003,1,6,2,2,9,3
12109016,1,80,5,1,2,1
12109030,1,5,10,5,6,2
12109037,1,80,4,2,3,1
12109039,1,80,4,2,4,2
12109040,1,32,8,2,4,1
12109043,1,80,9,5,5,1
12109055,1,80,7,2,3,1
12109057,1,80,3,2,4,2
12109086,1,6,1,-2,4,5
12109091,1,5,10,6,5,2
12109103,1,32,10,7,11,1
12109106,1,80,6,2,4,1
12109107,1,32,9,5,5,1
12109112,1,12,8,1,10,2
12109114,1,12,7,4,10,1
12109147,1,80,8,3,4,2
12109156,1,80,2,1,4,1
12109158,1,32,9,3,3,1
12109168,1,80,2,2,3,3
12109174,1,32,5,-1,3,2
12109198,1,6,2,2,3,2
12109203,1,97,10,6,6,1
12109208,1,2,9,2,4,0
12109226,1,80,9,4,4,2
12109229,1,80,4,3,3,2
12109237,1,80,4,2,4,1
12109243,1,2,9,5,5,2
12109248,1,80,5,1,3,1
12109261,4,4,10,4,6,1
12109266,4,4,3,2,2,0
12109293,1,80,10,5,6,1
12109301,1,5,10,3,11,3
12109302,1,80,3,-2,10,3
12109336,1,6,2,2,4,2
12109343,1,97,10,5,6,2
12109344,1,6,3,2,10,3
12109347,1,97,10,6,5,2
12109355,1,5,8,1,4,2
12109361,1,5,8,5,5,2
12109389,1,80,3,2,4,2
12109397,1,32,8,2,3,1
12109405,1,6,1,-2,3,4
12109415,1,80,2,2,1,1
12109416,1,5,9,2,6,3
12109452,1,2,10,5,4,1
12109454,4,4,1,-2,4,2
12109455,1,97,9,5,9,2
12109467,1,80,3,2,4,2
12109471,1,5,9,3,6,3
12109472,1,6,2,2,8,3
12109474,1,6,3,1,4,4
12109490,1,80,5,4,4,2
12109498,1,32,9,5,11,2
12109502,1,80,10,6,6,2
12109503,4,4,3,0,3,2
12109507,1,97,10,6,6,2
12109509,1,6,3,1,2,1
12109531,1,12,4,-2,2,3
12109532,1,2,10,5,6,1
12109533,2,5,8,1,8,2
12109561,1,5,8,4,5,2
12109575,1,80,6,2,4,2
12109598,2,80,2,2,5,2
12109612,1,80,9,1,3,1
12109627,1,80,2,2,2,3
12109629,1,32,5,2,3,1
12109644,1,5,8,5,5,2
12109650,1,32,8,5,10,2
12109693,1,12,7,3,9,2
12109695,1,6,1,-2,3,4
12109703,1,80,3,2,10,3
12109705,1,80,3,2,8,2
12109708,1,80,2,2,5,2
12109712,1,5,9,3,6,2
12109747,1,6,2,1,2,6
12109759,1,5,9,5,6,1
12109766,1,32,10,5,5,2
12109768,1,6,1,-2,2,3
12109792,1,80,5,3,2,3
12109802,1,80,4,2,3,2
12109806,1,32,4,2,4,2
12109823,1,6,1,-2,9,2
12109829,1,80,2,2,4,2
12109851,1,6,1,-2,10,3
12109855,1,80,4,2,4,2
12109860,1,32,9,5,11,3
12109899,1,6,3,1,3,6
12109900,1,96,10,6,6,1
12109901,1,5,8,3,6,3
12109917,1,90,7,4,4,2
12109928,1,32,10,7,10,2
12109964,1,32,9,5,3,1
12109973,4,4,4,0,4,0
12109980,1,5,9,5,5,2
12109982,1,32,10,5,6,2
12109992,1,6,4,2,2,1
12109997,2,32,7,1,10,1
12110015,1,97,10,6,6,3
12110017,1,32,8,1,3,1
12110037,1,80,3,1,2,1
12110088,1,80,4,4,4,5
12110108,1,97,3,2,6,2
12110126,1,32,3,1,10,2
12110136,2,80,4,3,4,1
12110146,1,80,2,2,3,2
12110157,1,32,5,4,2,1
12110164,1,5,6,4,4,2
12110168,1,97,9,5,5,2
12110172,1,6,1,-2,4,4
12110190,1,6,4,-2,3,3
12110192,1,80,5,3,3,3
12110204,1,32,10,2,5,1
12110224,4,4,3,2,1,0
12110239,4,4,9,3,6,0
12110243,1,32,8,5,5,1
12110263,1,5,9,3,5,1
12110266,4,4,5,2,4,2
12110301,1,97,9,2,7,2
12110305,1,32,9,5,4,1
12110309,1,6,1,-2,2,4
12110311,1,32,8,2,3,2
12110318,1,32,9,4,6,2
12110322,2,32,8,3,2,2
12110329,1,97,10,5,7,1
12110347,1,80,4,2,4,1
12110348,1,80,2,1,4,2
12110358,1,6,1,-2,3,2
12110382,1,32,8,4,3,1
12110393,1,6,1,-2,3,5
12110394,1,2,5,1,3,2
12110396,1,97,10,6,6,1
12110400,1,80,10,6,6,0
12110408,1,6,3,3,4,3
12110417,1,96,9,5,6,2
12110427,1,6,1,-2,2,4
12110456,1,96,10,6,6,1
12110465,1,80,2,1,1,2
12110493,1,80,5,3,4,1
12110496,1,5,10,1,6,1
12110525,1,80,10,2,5,1
12110554,1,5,8,3,5,1
12110563,1,5,8,1,4,2
12110578,1,5,8,2,4,2
12110585,1,80,4,1,4,2
12110593,1,32,6,1,5,1
12110611,1,80,10,7,6,1
12110633,1,32,8,3,4,1
12110683,1,32,5,2,2,3
12110693,1,80,3,2,3,2
12110696,1,97,10,2,6,1
12110704,1,6,1,-2,4,3
12110705,1,80,5,2,3,1
12110708,1,80,2,1,3,2
12110722,1,32,9,3,4,0
12110751,1,80,3,3,3,2
12110777,1,32,5,3,11,2
12110785,1,32,8,1,3,1
12110786,1,80,5,2,4,2
12110789,1,2,10,5,3,2
12110791,1,80,8,4,11,1
12110807,1,97,9,1,11,1
12110811,1,32,7,4,3,2
12110819,1,80,4,3,2,2
12110828,1,32,5,3,4,1
12110839,1,32,9,1,4,1
12110845,1,6,2,2,4,3
12110846,1,90,3,2,3,1
12110856,1,6,3,2,6,3
12110865,1,80,5,3,3,1
12110868,1,80,3,2,3,2
12110888,1,32,9,1,4,2
12110893,1,5,10,6,6,1
12110901,1,5,8,2,8,2
12110905,1,32,8,4,3,1
12110914,1,80,1,-2,3,1
12110920,1,32,10,6,5,0
12110921,1,32,8,4,4,1
12110925,1,5,8,5,6,2
12110928,4,4,10,7,10,1
12110929,1,5,9,2,7,1
12110932,1,32,10,4,6,1
12110934,1,80,1,-2,1,3
12110960,1,32,8,1,3,1
12111003,1,96,9,6,6,3
12111009,1,6,1,-2,3,2
12111014,1,6,1,-2,4,4
12111027,1,32,8,3,4,1
12111038,1,32,9,5,3,2
12111081,1,5,9,5,4,3
12111083,1,6,1,-2,2,4
12111098,1,6,2,2,3,3
12111107,1,80,3,1,2,1
12111120,1,80,5,2,3,2
12111131,1,32,9,3,4,2
12111149,1,96,7,2,10,2
12111163,1,80,2,1,10,2
12111196,1,80,3,2,4,4
12111238,1,32,9,5,6,2
12111240,1,32,3,1,1,2
12111270,1,32,9,4,5,1
12111286,1,32,7,4,2,3
12111290,1,6,2,1,2,5
12111304,1,6,1,-1,3,4
12111309,1,5,8,5,5,2
12111355,1,32,9,5,3,4
12111364,1,80,7,1,2,0
12111367,1,80,3,1,10,2
12111375,1,80,5,4,4,2
12111377,1,12,7,5,10,3
12111396,1,80,2,0,2,0
12111398,1,32,5,3,1,2
12111401,1,5,8,4,4,3
12111437,1,32,4,1,3,2
12111442,1,6,1,-2,6,3
12111443,1,6,2,1,2,1
12111446,4,4,9,5,4,1
12111448,1,6,1,-2,10,3
12111458,1,80,9,6,6,1
12111459,1,97,10,5,9,1
12111460,1,6,2,2,2,4
12111476,1,6,2,2,6,3
12111481,4,4,8,3,5,3
12111482,4,4,4,1,2,1
12111485,1,80,9,5,3,1
12111512,1,6,1,-2,4,4
12111516,1,5,8,1,5,2
12111525,1,80,10,6,6,1
12111527,1,97,9,1,7,2
12111532,1,6,1,-2,4,3
12111543,1,5,8,1,4,2
12111557,4,4,5,3,2,3
12111566,1,6,1,-2,3,4
12111570,1,6,4,4,3,4
12111579,1,5,8,2,5,3
12111587,1,6,2,1,3,3
12111593,1,32,8,4,3,1
12111597,1,90,2,3,3,2
12111618,1,32,9,3,4,1
12111646,1,80,4,2,4,1
12111650,1,80,2,-2,2,2
12111654,1,80,2,1,2,2
12111656,4,4,9,1,5,2
12111661,4,4,5,3,10,2
12111666,2,32,10,7,11,1
12111668,1,97,9,4,7,2
12111697,4,4,2,2,2,2
12111700,1,80,4,4,4,2
12111735,1,32,9,3,3,1
12111746,1,32,9,2,3,1
12111765,1,32,8,3,3,1
12111768,4,4,3,3,11,2
12111798,1,5,10,5,5,1
12111805,1,32,8,3,4,3
12111812,1,2,10,5,5,1
12111820,1,6,1,-2,9,3
12111823,1,80,1,-2,3,2
12111824,4,4,3,1,5,1
12111850,1,5,10,3,6,2
12111851,1,80,10,6,6,1
12111857,1,80,2,0,2,2
12111868,1,80,3,1,2,5
12111882,1,32,10,5,11,2
12111896,1,32,8,5,5,1
12111908,1,32,6,3,4,1
12111914,1,32,7,5,10,4
12111940,1,6,1,-2,2,3
12111942,1,96,9,6,6,3
12111979,1,2,9,4,4,1
12111986,4,4,3,1,4,2
12111992,1,80,5,3,4,1
12112002,1,80,10,5,6,1
12112003,1,6,1,-2,3,3
12112049,1,5,10,2,5,2
12112052,1,80,2,1,1,1
12112058,1,80,10,5,6,1
12112069,1,80,3,1,2,2
12112078,1,32,5,2,8,3
12112081,1,80,4,2,4,1
12112102,1,80,10,6,6,2
12112122,1,6,1,-2,4,2
12112125,1,5,8,2,5,2
12112176,2,32,5,3,2,2
12112179,1,5,9,3,7,2
12112190,1,80,1,-2,4,5
12112204,1,5,9,4,6,1
12112245,1,12,8,2,10,1
12112249,1,97,9,3,3,1
12112274,1,6,3,2,6,6
12112311,1,32,5,3,8,4
12112312,1,12,10,5,10,1
12112319,1,6,1,2,2,2
12112337,1,6,1,-2,1,3
12112339,1,80,4,2,4,3
12112360,1,6,1,-2,5,2
12112382,1,80,8,4,3,3
12112405,1,6,4,1,4,2
12112407,1,80,2,2,2,1
12112408,1,96,10,6,6,1
12112411,1,97,10,6,5,3
12112418,1,97,9,5,7,1
12112442,1,80,3,2,4,3
12112443,1,5,10,3,6,4
12112452,1,80,2,2,4,2
12112454,1,32,5,2,2,1
12112461,1,32,10,1,4,1
12112472,1,6,1,-2,3,4
12112475,1,5,10,5,5,2
12112487,1,80,9,1,4,3
12112491,1,32,5,2,2,1
12112492,1,80,3,3,10,3
12112524,1,32,10,2,3,1
12112548,1,96,7,6,6,2
12112563,1,32,3,3,10,2
12112585,4,4,9,4,5,1
12112605,1,6,1,-2,5,6
12112608,1,80,5,3,10,1
12112609,1,6,1,-2,3,3
12112623,1,97,10,5,5,1
12112627,4,4,3,0,2,1
12112633,1,32,8,1,3,1
12112640,1,80,10,1,5,1
12112641,4,4,2,1,2,2
12112644,4,4,8,5,3,1
12112658,1,6,1,-2,3,3
12112660,1,80,5,4,3,2
12112661,1,2,10,5,6,1
12112705,1,12,5,4,10,1
12112729,1,6,1,-2,4,2
12112745,1,97,10,6,5,2
12112749,1,32,9,5,6,1
12112767,1,5,8,1,4,3
12112781,1,32,7,1,3,1
12112783,1,5,9,1,5,1
12112800,1,5,9,6,5,1
12112805,1,5,8,4,6,3
12112861,1,80,5,2,3,2
12112873,1,6,1,-2,4,2
12112876,1,5,8,1,6,1
12112915,1,5,9,3,5,3
12112927,1,32,10,7,6,1
12112936,1,32,10,5,2,1
12112944,1,80,4,1,11,2
12112954,1,32,5,3,3,1
12112955,1,5,8,1,6,2
12112960,1,96,10,6,6,2
12112961,2,80,3,0,2,0
12112962,4,4,1,-1,11,2
12112966,1,5,8,3,5,3
12112973,1,32,9,1,4,1
12112979,1,6,3,1,3,2
12112980,1,96,10,5,6,2
12113006,1,2,10,6,3,3
12113015,1,32,5,1,4,3
12113025,4,4,2,1,2,3
12113030,1,32,10,5,11,1
12113035,1,6,8,1,10,0
12113064,1,32,9,5,6,1
12113083,1,80,2,0,4,2
12113095,1,80,9,1,2,2
12113100,1,5,10,6,5,4
12113111,1,32,10,1,4,2
12113121,1,5,10,5,6,1
12113122,1,97,10,6,5,2
12113131,1,12,7,5,11,2
12113143,2,32,10,7,11,2
12113150,1,32,8,4,3,1
12113152,1,80,2,3,3,3
12113162,1,5,10,6,6,1
12113220,1,32,8,5,4,2
12113225,1,32,9,4,3,2
12113239,1,32,9,5,10,1
12113247,1,80,9,3,2,1
12113249,1,32,8,3,4,2
12113295,1,32,9,3,3,1
12113300,1,80,7,5,10,4
12113334,4,4,10,1,11,2
12113340,4,4,7,7,3,1
12113366,1,32,9,5,3,1
12113371,1,80,3,2,3,2
12113375,1,32,9,5,4,1
12113378,1,6,1,-2,4,4
12113379,1,32,5,2,4,2
12113389,1,97,9,5,5,3
12113411,1,5,6,1,4,1
12113412,1,32,10,6,3,2
12113423,1,12,10,5,3,2
12113425,1,80,2,0,2,2
12113434,2,80,3,3,1,2
12113465,1,80,7,3,3,0
12113473,1,97,10,5,5,3
12113492,1,80,10,5,6,1
12113501,1,32,5,3,2,1
12113507,4,4,6,2,2,1
12113510,1,32,8,4,3,1
12113522,1,5,10,5,5,2
12113523,1,32,10,7,11,2
12113529,1,80,2,2,2,2
12113535,1,6,1,-2,3,4
12113541,1,32,10,5,5,2
12113549,1,6,1,-2,6,2
12113559,1,32,5,4,3,2
12113563,1,5,10,5,6,1
12113581,1,6,1,1,3,3
12113586,1,32,8,1,4,1
12113587,1,80,2,2,5,2
12113620,1,5,9,1,6,1
12113621,1,80,4,2,4,2
12113641,1,80,4,3,2,1
12113651,1,32,8,2,10,1
12113652,1,32,7,3,2,2
12113660,1,6,1,-2,8,3
12113664,1,6,2,1,2,4
12113684,4,4,5,4,4,1
12113690,1,6,1,-2,3,3
12113713,1,32,6,3,8,2
12113732,1,80,10,4,5,1
12113767,1,5,10,5,6,1
12113772,1,80,9,1,10,3
12113786,1,6,2,2,1,2
12113789,1,32,10,3,8,1
12113792,1,80,3,3,3,3
12113800,1,6,1,-2,3,3
12113806,4,4,9,4,4,0
12113817,1,6,2,1,11,2
12113834,1,97,9,5,7,2
12113835,1,6,2,1,1,2
12113844,2,32,10,3,8,1
12113849,2,80,3,3,3,1
12113851,4,4,3,2,1,1
12113870,1,80,2,2,4,3
12113887,1,80,10,3,5,1
12113900,1,80,10,3,6,2
12113905,1,5,10,6,6,1
12113907,1,32,10,3,2,2
12113908,4,4,2,1,3,3
12113915,1,2,8,2,3,1
12113925,1,90,8,3,2,3
12113930,1,80,2,1,4,1
12113932,1,80,1,-2,2,3
12113939,1,6,2,2,9,2
12113947,1,6,1,-2,4,3
12113953,1,97,8,1,5,1
12113960,1,32,10,5,6,1
12113968,1,80,10,6,6,1
12113981,1,32,10,7,10,0
12113998,1,97,10,6,6,1
12114002,1,5,7,4,4,1
12114008,1,32,7,1,2,1
12114028,1,80,9,5,4,2
12114033,1,80,1,-2,3,2
12114035,1,32,5,2,3,2
12114046,1,80,1,-2,4,1
12114067,1,12,6,2,10,2
12114071,1,5,9,5,6,2
12114073,1,6,2,0,2,0
12114083,1,32,8,4,10,1
12114089,1,6,1,-2,3,3
12114090,1,5,9,4,5,2
12114115,4,4,5,2,4,2
12114119,1,80,3,1,3,2
12114147,1,80,8,2,1,3
12114148,4,4,8,3,3,2
12114184,1,80,10,6,6,0
12114188,1,32,5,3,4,1
12114205,1,80,4,1,4,2
12114215,1,32,5,2,4,2
12114228,1,5,10,5,5,2
12114248,4,4,8,5,11,2
12114271,1,80,9,1,3,2
12114273,1,32,9,4,4,2
12114291,1,5,10,6,5,2
12114292,1,32,5,5,10,2
12114307,1,80,9,3,3,1
12114308,1,32,8,3,3,1
12114316,1,32,7,1,2,2
12114317,1,80,3,2,10,2
12114322,1,96,3,2,10,3
12114326,1,5,6,2,4,4
12114329,1,2,9,3,6,1
12114334,1,80,2,-1,2,3
12114359,1,6,1,-2,11,3
12114369,1,32,5,2,4,2
12114391,1,80,2,1,4,1
12114404,1,80,4,0,4,2
12114410,1,32,10,2,4,1
12114415,1,32,5,1,11,2
12114418,1,80,2,2,3,3
12114421,1,5,8,5,6,2
12114432,1,32,8,3,4,2
12114434,1,32,9,2,5,1
12114435,1,5,9,5,11,1
12114437,1,32,10,6,11,2
12114442,1,80,2,2,2,2
12114459,1,32,8,5,10,2
12114462,1,97,10,6,7,2
12114464,1,32,8,4,3,3
12114472,1,97,10,3,6,2
12114473,1,97,10,5,5,2
12114475,1,32,10,3,11,1
12114477,1,32,10,2,8,1
12114501,1,32,5,1,4,2
12114518,1,32,9,5,6,2
12114539,1,32,9,3,5,1
12114549,1,5,10,4,4,2
12114561,1,12,9,5,5,2
12114569,1,80,10,6,5,1
12114575,1,97,10,2,5,3
12114583,1,6,2,1,2,3
12114591,1,2,10,4,6,1
12114601,4,4,2,2,8,2
12114602,1,97,10,6,7,1
12114603,1,80,6,3,1,3
12114613,1,32,10,5,11,2
12114632,1,32,5,2,10,2
12114635,1,32,5,1,4,3
12114642,1,32,7,2,2,2
12114667,1,32,9,5,10,2
12114687,1,6,2,1,6,3
12114692,1,80,2,-2,9,3
12114694,1,5,5,2,8,3
12114701,1,5,8,5,5,3
12114711,1,6,1,-2,3,5
12114725,1,80,5,1,4,2
12114726,1,2,10,2,5,1
12114737,1,5,10,2,5,1
12114738,2,80,2,1,4,2
12114752,1,32,8,-1,2,1
12114759,1,90,7,4,1,1
12114761,1,97,5,0,7,3
12114762,1,6,2,1,1,3
12114765,1,6,1,-2,2,5
12114768,1,6,1,-2,2,4
12114770,1,80,3,2,5,5
12114790,1,5,9,6,6,2
12114794,1,32,8,2,3,2
12114807,1,32,8,3,3,2
12114808,1,32,8,1,10,2
12114819,1,80,1,-2,4,3
12114841,1,6,1,-2,4,3
12114847,1,5,10,5,5,1
12114889,1,32,7,1,2,1
12114895,1,80,3,2,3,1
12114900,1,6,2,1,1,6
12114908,1,97,10,5,7,2
12114922,1,32,5,4,4,2
12114923,1,5,10,6,6,1
12114930,1,80,2,2,3,2
12114947,1,32,7,4,4,2
12114975,1,6,2,2,10,3
12114987,1,2,9,5,4,2
12115000,4,4,4,2,4,2
12115032,1,97,10,3,5,2
12115061,1,97,10,3,11,4
12115067,2,80,4,3,1,2
12115073,1,32,9,1,5,2
12115106,1,12,7,2,10,3
12115108,1,32,8,1,3,2
12115115,4,4,1,-2,3,2
12115117,1,32,8,1,4,0
12115120,1,80,2,1,4,1
12115124,1,2,10,6,6,2
12115163,1,80,10,6,6,1
12115170,1,32,9,3,3,1
12115171,1,80,2,1,6,2
12115190,1,32,8,1,2,1
12115191,1,80,3,3,10,3
12115218,1,80,3,2,2,2
12115238,1,97,10,6,6,1
12115245,1,6,2,2,3,3
12115249,1,32,6,5,10,3
12115252,1,80,4,2,2,1
12115258,1,32,9,5,4,2
12115270,1,32,10,1,4,1
12115315,1,32,8,1,3,1
12115328,1,80,8,1,10,2
12115332,1,90,4,2,4,1
12115334,1,80,2,2,4,2
12115339,1,97,10,2,7,1
12115346,1,80,2,2,3,2
12115356,1,32,8,2,3,2
12115407,2,80,2,2,4,2
12115417,1,80,2,2,2,2
12115444,1,32,10,4,10,1
12115454,4,4,3,-1,3,2
12115460,1,6,1,-2,8,3
12115471,1,97,10,6,7,1
12115498,1,97,8,1,3,2
12115547,1,5,8,5,5,1
12115561,1,80,2,3,3,1
12115571,1,32,10,6,3,0
12115573,1,32,8,4,10,1
12115600,1,32,8,4,4,2
12115616,1,32,7,2,2,2
12115624,1,80,4,1,4,1
12115625,1,6,3,1,4,3
12115627,1,80,10,5,5,1
12115634,1,32,9,4,3,1
12115640,1,97,10,6,5,3
12115652,1,2,6,3,3,1
12115659,1,32,10,5,10,1
12115666,1,97,10,5,9,1
12115667,1,32,5,1,4,1
12115706,1,6,1,-2,4,3
12115709,1,32,5,1,4,1
12115748,4,4,5,1,2,2
12115749,1,5,8,5,4,2
12115756,1,80,2,2,2,1
12115772,1,6,9,2,6,0
12115777,1,32,9,4,6,2
12115782,1,12,3,2,5,3
12115795,1,32,9,5,8,0
12115798,1,32,8,3,3,1
12115803,1,96,10,7,6,2
12115806,1,32,9,5,4,3
12115814,1,6,3,2,6,3
12115827,1,80,2,1,6,1
12115861,1,32,10,2,11,2
12115862,1,32,5,1,4,1
12115897,1,32,7,4,2,3
12115922,1,80,4,2,11,1
12115929,1,6,1,-2,3,4
12115931,1,32,9,2,3,1
12115949,4,4,3,2,1,2
12115961,1,32,9,5,7,3
12115964,1,32,8,5,10,2
12115983,1,6,4,3,2,2
12116014,1,32,7,3,10,1
12116051,1,32,8,5,10,4
12116085,1,80,2,2,1,2
12116089,1,32,10,6,7,1
12116103,1,5,8,1,4,2
12116113,3,3,3,3,6,3
12116114,1,5,9,4,5,2
12116117,1,80,9,2,3,1
12116128,1,80,10,5,11,0
12116153,4,4,4,2,4,2
12116155,1,80,8,4,2,2
12116159,1,32,8,4,2,1
12116160,1,32,9,4,5,1
12116180,1,80,4,1,4,2
12116188,1,32,8,4,4,2
12116200,4,4,1,-2,4,2
12116212,4,4,4,1,3,1
12116226,1,32,9,3,4,0
12116241,1,6,1,-2,4,2
12116267,1,80,4,1,4,2
12116284,1,2,10,6,5,1
12116339,1,80,2,1,3,3
12116353,1,2,8,1,4,1
12116365,1,32,8,3,10,2
12116379,1,5,8,2,4,2
12116392,1,80,10,3,6,2
12116423,1,80,3,3,6,3
12116441,1,2,4,1,8,0
12116450,1,32,9,2,6,2
12116452,1,32,7,2,1,1
12116454,1,32,7,4,4,1
12116482,1,32,9,5,6,1
12116484,1,32,9,2,2,2
12116497,1,5,10,2,6,1
12116500,1,80,4,1,4,2
12116503,1,5,10,5,5,2
12116505,1,80,9,1,9,1
12116520,1,80,3,1,10,3
12116525,1,2,9,3,4,2
12116534,1,80,10,5,6,1
12116544,1,2,7,1,3,2
12116547,1,12,6,2,10,2
12116551,1,5,9,5,6,2
12116565,1,32,8,1,2,0
12116572,1,6,1,-2,2,4
12116585,2,80,1,-2,3,2
12116597,3,3,2,2,1,4
12116612,1,6,2,1,2,3
12116613,1,32,4,1,4,2
12116632,1,5,9,5,6,1
12116643,2,80,2,2,3,2
12116654,1,32,8,1,1,2
12116688,1,80,5,2,3,1
12116694,1,32,8,1,3,1
12116698,1,32,9,1,3,2
12116703,1,80,5,1,4,2
12116722,1,32,8,3,3,1
12116734,1,97,10,2,6,2
12116735,1,80,2,2,10,4
12116754,1,5,5,1,8,1
12116768,1,80,10,2,3,1
12116771,1,97,10,6,6,2
12116774,1,32,5,2,4,2
12116779,1,80,2,1,4,2
12116780,1,12,8,3,1,2
12116791,1,97,10,5,7,1
12116799,1,80,2,2,4,1
12116828,4,4,1,-2,3,3
12116832,1,6,2,1,6,2
12116833,1,5,8,1,11,2
12116846,2,32,7,4,3,1
12116855,1,80,2,2,10,3
12116867,1,97,10,5,5,3
12116879,1,5,9,1,5,1
12116886,1,32,10,1,6,1
12116892,1,2,8,5,5,2
12116894,1,80,4,1,4,1
12116905,1,32,9,5,10,1
12116911,1,32,8,2,3,2
12116912,4,4,10,5,7,1
12116914,1,97,10,3,5,1
12116916,1,80,3,3,1,2
12116941,1,80,2,1,6,2
12116942,2,80,10,5,6,2
12116947,1,80,5,3,3,1
12116952,1,96,10,7,6,2
12116958,1,32,5,3,11,1
12116960,1,32,7,3,3,0
12116969,1,80,1,-2,4,3
12116994,1,2,8,5,5,3
12116996,4,4,10,2,11,1
12116997,1,32,10,1,4,1
12117018,1,6,2,2,5,3
12117021,1,80,9,3,6,1
12117031,1,6,1,-2,4,4
12117034,1,5,10,6,6,1
12117035,1,2,8,1,4,1
12117037,1,5,9,2,6,2
12117067,1,80,3,2,3,1
12117113,1,32,5,2,4,4
12117122,1,80,8,2,3,1
12117126,1,97,10,6,6,2
12117135,1,80,3,3,2,1
12117136,4,4,6,-1,11,0
12117154,1,6,1,-2,3,3
12117186,1,32,9,2,11,1
12117207,1,80,3,3,2,2
12117210,1,5,8,4,5,2
12117243,2,32,8,1,10,2
12117249,4,4,2,2,3,3
12117267,1,32,9,3,4,2
12117279,1,80,2,2,10,3
12117286,4,4,4,3,1,2
12117303,1,80,4,2,4,2
12117306,1,32,3,2,10,1
12117307,1,97,10,5,5,1
12117312,1,80,5,3,1,3
12117318,1,5,9,2,6,2
12117331,4,4,8,3,2,3
12117342,1,5,4,5,6,1
12117360,1,32,8,3,4,2
12117378,1,6,1,-2,3,3
12117385,1,96,10,6,6,3
12117388,1,2,9,5,4,1
12117400,1,32,10,1,11,0
12117408,1,80,4,0,2,1
12117410,1,80,6,2,4,2
12117469,1,80,10,6,5,3
12117471,1,32,7,1,2,1
12117477,1,97,10,6,6,2
12117512,1,32,8,3,4,1
12117520,1,6,1,-2,4,2
12117536,1,32,3,1,4,2
12117539,1,80,2,2,2,3
12117578,1,90,8,3,4,1
12117585,1,80,3,2,4,2
12117587,1,32,8,5,5,3
12117588,1,80,8,4,4,2
12117590,1,97,10,4,7,1
12117617,1,97,4,0,7,4
12117633,1,6,2,2,2,2
12117668,1,32,9,3,5,1
12117669,1,12,9,3,10,3
12117670,1,32,8,2,3,2
12117675,1,2,9,5,4,1
12117700,1,6,2,2,6,4
12117714,1,5,10,5,6,2
12117715,1,32,9,5,6,0
12117741,1,80,3,1,5,2
12117749,1,32,8,4,3,3
12117750,1,97,10,2,5,1
12117768,1,97,10,4,6,1
12117783,1,6,2,2,5,3
12117787,1,12,10,4,5,2
12117791,1,80,2,2,1,3
12117792,1,80,2,-2,3,2
12117798,1,2,9,5,5,1
12117808,1,32,6,5,4,1
12117812,1,6,1,-2,6,5
12117814,1,2,8,5,2,2
12117823,1,80,10,6,7,3
12117826,3,3,8,3,10,2
12117843,1,6,2,1,1,2
12117900,4,4,3,2,1,5
12117902,1,5,8,-2,5,3
12117906,1,5,9,3,5,2
12117907,1,96,8,2,11,3
12117930,1,80,3,2,9,1
12117943,2,80,4,0,4,0
12117949,1,12,9,3,4,1
12117964,1,80,2,2,3,2
12118011,1,32,10,3,10,2
12118031,1,6,1,1,2,4
12118048,1,80,3,1,5,1
12118052,1,32,7,4,1,1
12118066,1,32,10,-1,11,1
12118073,1,5,10,6,5,2
12118076,1,80,1,-2,2,2
12118089,1,32,8,1,5,1
12118095,1,97,10,5,7,1
12118100,1,80,2,-2,3,2
12118108,1,32,9,1,5,1
12118123,2,5,10,5,6,1
12118124,1,90,9,3,4,1
12118130,1,5,9,4,6,2
12118138,1,6,2,2,2,2
12118144,1,12,3,2,10,3
12118149,1,32,9,3,3,1
12118156,1,32,9,2,3,1
12118176,1,32,6,2,3,2
12118202,1,80,8,5,4,1
12118211,1,32,7,2,9,2
12118214,1,32,10,3,3,2
12118244,1,6,2,1,6,2
12118281,1,80,5,2,3,2
12118283,1,80,3,1,2,2
12118294,1,32,8,4,10,3
12118302,1,6,2,1,10,5
12118304,1,32,8,5,10,1
12118305,1,32,6,4,10,2
12118312,4,4,10,5,5,1
12118320,1,80,3,2,10,1
12118328,1,80,3,3,3,1
12118340,1,6,1,-2,2,4
12118343,1,90,4,2,1,1
12118355,1,6,5,2,11,2
12118371,4,4,10,6,6,3
12118379,1,32,10,6,11,0
12118381,1,32,8,5,4,1
12118400,1,32,8,1,3,2
12118421,1,12,8,4,10,3
12118435,1,12,5,2,10,2
12118465,1,6,3,2,2,3
12118467,1,80,2,2,5,2
12118526,1,32,5,3,11,2
12118560,1,32,5,3,3,2
12118562,1,80,1,-2,4,2
12118589,1,97,10,5,5,2
12118594,4,4,9,5,10,1
12118604,1,12,2,1,2,2
12118605,1,6,1,-2,3,3
12118618,1,32,7,3,3,1
12118623,1,6,1,-2,4,5
12118638,1,80,4,2,6,2
12118642,1,5,10,5,6,2
12118647,1,80,4,2,8,2
12118651,1,6,1,-2,3,4
12118665,1,80,4,0,4,0
12118686,4,4,3,3,2,1
12118695,1,80,4,1,4,1
12118697,1,32,9,2,3,1
12118706,1,32,9,5,4,1
12118725,4,4,4,1,2,1
12118735,1,32,9,5,4,1
12118738,4,4,9,3,7,2
12118783,1,32,8,1,3,1
12118786,1,80,2,2,4,3
12118797,1,80,5,4,4,1
12118827,2,32,10,6,11,1
12118844,1,80,8,5,2,2
12118851,1,6,1,-2,4,3
12118855,1,6,1,-2,3,5
12118877,1,80,2,1,5,2
12118884,1,5,10,6,11,1
12118906,1,97,10,4,6,2
12118940,1,80,2,1,3,2
12118958,1,80,10,5,1,1
12118984,4,4,2,1,9,1
12119006,1,97,10,6,6,2
12119014,1,2,8,5,4,1
12119058,1,96,3,1,10,2
12119090,1,2,6,3,3,2
12119105,1,6,1,-2,3,3
12119122,1,6,1,-2,1,5
12119126,1,5,8,3,5,2
12119132,1,32,10,2,6,2
12119148,1,6,2,2,5,4
12119151,1,32,8,2,4,2
12119200,1,97,9,6,9,3
12119214,1,80,7,3,3,2
12119216,1,32,5,2,4,3
12119218,1,12,10,3,2,2
12119231,1,80,3,1,1,3
12119233,1,80,10,1,6,1
12119239,1,32,5,3,4,3
12119257,1,97,10,6,5,1
12119258,1,80,10,5,6,1
12119260,1,80,2,2,4,4
12119289,1,6,1,-2,2,5
12119292,1,6,2,2,4,3
12119293,1,97,5,2,8,2
12119301,1,12,9,5,10,1
12119310,1,96,10,4,7,2
12119331,2,32,5,4,4,0
12119342,2,32,8,1,4,1
12119346,1,6,2,2,3,4
12119354,1,32,8,2,3,2
12119364,1,80,5,3,2,2
12119369,1,97,10,6,9,1
12119372,1,32,10,6,11,2
12119383,1,5,9,3,5,3
12119387,1,32,6,2,2,1
12119393,1,32,10,5,11,1
12119397,1,6,3,1,4,3
12119398,1,32,8,4,2,2
12119415,4,4,8,2,10,1
12119421,4,4,1,-2,2,1
12119429,1,80,5,2,2,3
12119496,1,80,3,2,3,2
12119508,1,97,10,3,7,2
12119515,1,6,2,2,3,3
12119517,2,97,9,2,7,2
12119526,1,96,10,6,6,2
12119560,1,32,8,3,4,2
12119575,1,97,10,5,6,1
12119576,1,6,2,2,5,2
12119593,1,6,1,-2,3,5
12119629,1,80,8,2,4,1
12119635,1,6,2,1,3,2
12119639,1,80,3,3,6,3
12119641,1,97,10,3,6,0
12119690,1,80,1,-2,3,2
12119697,1,80,4,3,3,1
12119704,1,6,1,-2,3,3
12119708,1,32,8,3,3,1
12119715,1,32,8,5,5,1
12119736,1,96,10,1,6,2
12119782,1,32,9,5,3,1
12119796,1,5,8,1,5,3
12119806,1,80,3,2,3,1
12119818,4,4,5,3,3,3
12119825,1,96,10,5,5,2
12119845,1,32,3,1,5,3
12119853,1,80,2,1,1,1
12119859,1,32,8,3,4,2
12119864,1,32,10,5,11,2
12119880,1,32,9,5,5,1
12119900,1,2,9,2,5,2
12119935,1,97,10,5,7,1
12119953,1,97,10,5,7,1
12119959,2,80,7,2,4,0
12119965,1,5,9,2,6,2
12119970,4,4,9,1,2,1
12119992,1,32,5,2,4,1
12120006,1,32,8,1,1,1
12120011,1,32,8,4,3,2
12120027,1,5,10,2,6,2
12120048,1,80,3,3,2,2
12120049,1,80,3,0,3,1
12120061,1,80,10,5,10,2
12120074,1,32,5,3,2,2
12120088,1,80,4,1,6,2
12120099,1,80,3,1,2,1
12120102,4,4,1,-2,2,2
12120110,1,80,1,-2,3,2
12120134,4,4,10,5,8,2
12120137,1,6,4,2,1,3
12120142,1,6,1,-2,3,5
12120161,1,80,9,3,5,0
12120167,1,80,4,1,2,2
12120179,1,6,1,-2,1,3
12120180,1,80,2,2,3,3
12120181,1,32,10,5,4,1
12120184,1,32,8,3,4,1
12120185,1,80,2,2,3,2
12120189,2,97,5,4,5,2
12120218,1,5,8,3,5,2
12120221,1,32,9,1,3,1
12120263,1,5,10,4,4,1
12120264,1,5,10,5,5,3
12120277,1,80,10,5,6,1
12120280,1,6,1,-2,4,4
12120286,4,4,5,1,4,2
12120288,1,32,5,2,3,2
12120303,1,80,2,2,2,2
12120317,1,80,3,2,4,2
12120326,1,97,1,-2,5,4
12120338,1,32,7,3,2,2
12120346,1,6,1,-2,3,4
12120353,1,80,1,-2,4,3
12120366,1,80,2,-2,4,2
12120402,1,80,3,2,2,3
12120416,1,32,6,3,4,1
12120437,1,80,3,3,4,2
12120446,1,32,10,5,6,1
12120485,1,32,5,3,2,2
12120493,1,6,2,2,4,3
12120508,1,32,9,5,4,1
12120515,1,32,8,4,3,1
12120524,1,5,10,5,8,1
12120561,1,80,4,1,3,2
12120563,1,5,9,2,6,3
12120567,1,80,4,2,2,3
12120597,1,6,1,-2,3,5
12120604,1,32,10,5,5,2
12120607,1,6,1,-2,3,4
12120610,1,97,2,1,7,3
12120617,1,6,2,1,1,2
12120625,1,80,4,2,3,2
12120631,1,12,5,1,2,1
12120633,1,80,4,3,2,1
12120650,1,32,8,2,4,2
12120653,1,80,3,0,1,2
12120665,1,32,10,5,6,0
12120673,1,2,8,1,3,1
12120686,1,6,1,-2,2,2
12120693,1,2,10,5,6,3
12120696,1,6,1,-2,4,3
12120698,1,97,10,5,11,3
12120703,1,80,2,3,6,2
12120712,1,6,2,1,4,2
12120734,1,97,9,5,7,3
12120741,1,5,10,6,5,2
12120761,4,4,2,2,3,2
12120770,1,80,8,1,4,1
12120798,1,6,2,2,6,2
12120799,1,80,4,2,3,1
12120810,1,2,9,3,5,1
12120830,1,97,10,6,5,1
12120835,1,97,9,5,9,2
12120838,1,97,9,5,7,2
12120854,1,32,5,3,2,2
12120855,1,6,3,1,2,3
12120870,1,32,10,5,10,1
12120911,1,2,10,5,5,1
12120913,1,12,6,1,5,2
12120914,1,97,10,5,7,1
12120924,1,32,3,2,11,2
12120950,1,6,2,-2,4,2
12120955,1,80,4,2,4,2
12120962,1,6,2,2,3,2
12120963,1,80,3,-2,3,1
12120970,1,80,2,2,4,2
12120973,1,96,2,1,4,2
12120975,1,32,5,3,4,2
12120983,1,32,8,4,3,1
12120984,1,80,2,2,4,3
12120998,1,6,3,1,9,2
12121003,1,80,3,2,5,2
12121010,1,80,2,2,9,2
12121029,1,32,8,5,5,2
12121062,1,5,10,5,4,3
12121070,1,5,7,2,5,2
12121102,1,90,9,4,4,1
12121108,1,96,10,4,5,1
12121113,1,80,3,2,6,2
12121117,1,80,5,1,2,3
12121122,1,32,8,3,4,1
12121131,1,96,10,5,6,2
12121139,1,32,5,4,3,3
12121151,1,32,9,2,4,1
12121176,1,32,9,5,3,1
12121179,1,6,1,-2,3,3
12121201,1,32,9,1,3,1
12121204,1,6,2,2,3,4
12121217,1,32,6,2,2,0
12121227,1,80,3,0,4,1
12121242,1,32,9,3,3,0
12121299,4,4,4,1,2,1
12121310,1,12,8,5,2,2
12121321,4,4,1,-1,2,2
12121323,1,6,1,-2,1,5
12121333,1,5,6,3,5,4
12121351,1,97,9,2,8,1
12121356,1,80,3,1,4,1
12121371,1,80,3,0,4,1
12121400,1,32,10,6,6,3
12121414,4,4,8,5,5,2
12121415,1,2,9,5,6,1
12121427,1,5,10,1,5,3
12121448,1,96,10,6,6,2
12121450,1,32,10,2,4,1
12121457,1,80,3,2,10,2
12121463,4,4,8,3,4,1
12121464,4,4,5,1,4,1
12121476,1,32,6,2,4,3
12121498,1,5,9,1,5,2
12121520,4,4,4,2,4,3
12121528,1,32,8,3,4,1
12121543,1,5,6,1,4,1
12121559,1,32,9,2,6,1
12121562,1,6,2,2,4,3
12121579,1,32,8,5,3,1
12121592,1,32,8,2,10,1
12121593,1,97,10,-1,11,3
12121611,1,32,8,3,3,1
12121646,1,5,8,5,5,2
12121654,1,80,5,3,4,2
12121692,1,32,8,3,3,2
12121708,4,4,2,1,10,2
12121729,1,32,10,5,3,1
12121746,1,6,1,-2,4,3
12121747,1,96,10,5,6,1
12121751,1,6,1,-2,2,3
12121753,1,6,2,0,5,2
12121769,1,80,3,2,4,3
12121784,2,32,10,6,5,1
12121803,1,97,10,5,6,1
12121804,1,80,5,2,8,2
12121806,1,6,2,2,2,2
12121837,1,80,3,1,6,2
12121856,1,6,1,-2,2,2
12121858,1,6,1,-2,3,2
12121865,1,97,10,6,7,2
12121885,1,80,2,1,5,3
12121893,1,32,6,1,5,2
12121903,1,5,9,4,7,3
12121913,1,32,5,2,4,1
12121924,1,80,10,5,7,2
12121941,1,96,2,1,10,6
12121959,1,5,9,3,5,2
12121973,4,4,10,1,1,2
12121976,1,6,1,-2,3,4
12121983,1,32,5,3,4,2
12121988,1,80,5,3,1,1
12121998,1,80,10,6,6,2
12122000,1,32,10,5,11,2
12122048,1,32,8,3,1,1
12122049,1,5,10,6,6,1
12122056,1,80,2,1,10,2
12122057,1,80,2,1,4,1
12122081,1,80,4,1,4,1
12122082,1,80,3,4,1,1
12122083,1,32,8,3,2,1
12122095,1,5,8,3,5,1
12122105,1,5,9,1,6,2
12122107,4,4,2,2,2,2
12122112,1,90,8,4,3,3
12122115,1,12,6,2,10,2
12122143,1,80,2,2,4,4
12122167,1,80,3,3,1,3
12122169,1,80,3,2,4,1
12122178,1,5,7,4,6,3
12122198,1,32,8,2,2,2
12122253,1,80,8,3,4,4
12122257,1,6,3,3,6,3
12122322,1,80,5,3,2,3
12122335,1,80,4,4,1,2
12122338,1,6,2,1,3,5
12122375,1,80,2,1,2,2
12122382,1,80,10,6,6,1
12122389,1,90,8,-1,3,1
12122390,1,32,9,1,1,2
12122393,1,32,9,2,3,1
12122395,1,5,9,0,7,1
12122397,1,5,9,5,6,2
12122398,1,5,9,5,5,1
12122413,1,32,5,2,4,2
12122421,1,80,10,5,6,2
12122433,1,80,2,1,6,2
12122437,1,80,10,1,6,1
12122465,1,80,9,5,5,3
12122481,1,80,4,3,1,1
12122485,1,32,10,1,11,3
12122510,1,80,9,3,3,0
12122545,1,6,3,2,6,3
12122552,1,32,10,5,11,2
12122556,4,4,9,2,6,0
12122572,1,6,2,1,6,2
12122574,1,6,1,-2,1,3
12122575,1,6,1,-2,3,3
12122596,2,32,5,2,4,2
12122607,1,6,3,1,4,3
12122617,1,80,9,1,4,3
12122640,1,80,5,2,4,2
12122645,1,32,7,1,2,1
12122646,1,2,8,2,5,1
12122658,1,5,8,5,5,2
12122686,1,5,10,6,6,2
12122707,1,80,10,5,6,2
12122716,1,2,6,5,4,1
12122738,1,5,9,5,5,4
12122758,1,12,5,3,10,2
12122815,1,5,8,5,6,2
12122835,1,80,5,2,4,1
12122842,1,32,8,4,3,1
12122844,1,2,5,2,3,2
12122846,1,32,8,4,2,0
12122877,4,4,2,2,2,3
12122882,1,80,3,1,3,2
12122886,1,80,4,1,4,1
12122905,1,6,2,1,2,2
12122917,1,80,3,2,8,2
12122932,1,5,8,5,5,2
12122973,1,6,2,3,10,3
12122974,1,5,8,5,4,2
12122993,1,80,3,2,1,1
12123000,1,2,8,2,2,2
12123011,1,32,5,2,2,2
12123015,2,32,10,4,2,1
12123023,1,96,10,6,6,1
12123028,1,80,3,2,1,2
12123031,1,32,9,2,3,1
12123063,1,6,1,-2,2,3
12123064,1,32,10,6,5,2
12123065,1,6,1,-2,3,3
12123077,2,32,10,5,11,1
12123106,1,6,1,-2,3,4
12123115,1,6,1,-2,4,5
12123123,2,32,10,6,11,2
12123133,1,32,8,4,3,1
12123150,4,4,4,3,6,1
12123153,1,80,3,1,4,2
12123156,1,6,1,-2,3,4
12123164,1,6,2,0,2,2
12123169,1,32,4,3,4,2
12123170,1,12,10,4,8,1
12123185,1,5,9,5,5,2
12123197,1,32,8,5,4,1
12123208,2,80,10,1,3,2
12123209,1,12,10,1,6,1
12123221,1,80,9,4,11,1
12123226,1,80,3,1,2,3
12123235,1,32,5,3,10,1
12123237,1,32,8,2,3,1
12123242,1,80,2,2,10,3
12123245,1,96,10,4,6,1
12123254,1,80,1,-2,3,3
12123263,1,32,5,1,3,3
12123274,1,80,5,4,1,1
12123278,1,5,10,5,5,1
12123280,1,80,8,4,4,2
12123283,1,6,2,1,6,2
12123289,1,96,10,6,6,1
12123290,1,32,8,4,3,1
12123294,1,80,10,5,11,2
12123348,1,96,9,4,4,1
12123355,1,80,4,2,3,1
12123362,1,12,5,4,5,3
12123368,1,6,2,1,2,5
12123373,1,32,9,4,4,2
12123381,1,32,9,5,4,1
12123409,1,80,3,1,2,4
12123430,1,80,2,2,3,3
12123445,1,97,10,3,5,3
12123446,1,80,3,2,2,2
12123448,1,32,6,3,1,0
12123469,1,5,2,2,6,3
12123489,1,12,3,1,10,3
12123519,1,32,9,5,3,2
12123533,1,80,5,2,3,1
12123540,4,4,9,3,6,1
12123587,1,12,4,2,1,2
12123591,1,80,8,1,1,0
12123600,1,96,10,4,6,1
12123602,1,97,8,5,7,3
12123605,1,5,8,5,4,4
12123610,1,32,7,1,2,1
12123621,1,80,7,3,4,1
12123626,1,80,8,2,3,6
12123668,1,6,4,2,4,6
12123672,1,80,9,1,3,2
12123678,1,80,9,5,11,2
12123724,1,32,8,5,4,1
12123728,1,5,9,1,6,3
12123731,1,32,5,3,3,2
12123733,1,80,2,2,1,2
12123742,4,4,4,-1,11,1
12123743,1,80,1,-2,3,4
12123773,1,6,1,-2,4,3
12123792,1,2,10,5,6,2
12123801,1,2,9,5,5,1
12123809,1,32,7,4,4,1
12123810,1,5,10,4,6,3
12123817,1,80,2,3,4,2
12123826,1,80,3,2,1,2
12123830,1,80,2,2,4,3
12123833,1,32,9,1,7,1
12123836,4,4,9,3,4,1
12123861,1,32,8,5,4,1
12123865,1,6,4,1,3,2
12123878,1,80,5,3,4,2
12123901,1,80,2,2,2,2
12123910,1,6,1,-2,5,3
12123927,1,32,10,7,10,1
12123946,1,5,10,6,5,1
12123950,1,32,5,3,4,2
12123952,1,32,8,3,3,1
12123955,1,97,10,2,5,1
12123976,1,80,3,1,2,1
12123980,1,32,9,4,6,1
12123981,4,4,6,4,4,2
12123989,4,4,2,0,3,0
12124017,1,6,1,-2,2,3
12124031,1,32,9,3,3,1
12124045,1,5,9,2,5,2
12124046,1,32,5,2,2,2
12124059,1,80,10,7,3,1
12124062,1,6,2,1,5,3
12124079,1,80,9,5,6,3
12124082,1,32,9,2,4,0
12124127,1,6,1,-2,4,3
12124138,1,5,9,5,6,4
12124141,1,6,1,-2,3,3
12124145,1,32,10,5,10,1
12124151,1,2,5,3,3,2
12124160,4,4,3,0,3,2
12124168,1,12,10,5,6,2
12124182,1,80,4,3,2,3
12124187,1,6,3,3,2,6
12124208,1,80,3,0,3,1
12124214,1,32,9,1,4,2
12124216,1,32,9,3,3,1
12124249,1,5,10,2,5,1
12124264,1,32,5,2,2,1
12124307,1,32,7,3,4,1
12124308,1,32,10,6,6,2
12124310,1,97,10,2,6,2
12124318,1,80,7,3,3,1
12124336,1,80,2,2,2,3
12124343,1,32,9,4,4,1
12124356,1,5,8,5,5,2
12124390,1,5,10,6,6,3
12124395,1,80,3,2,4,3
12124411,1,5,8,2,4,1
12124416,3,3,5,0,5,0
12124418,1,12,5,1,11,1
12124420,1,80,4,2,4,2
12124425,1,32,9,4,3,0
12124427,1,6,4,2,4,5
12124429,1,32,8,3,3,1
12124442,1,2,9,1,5,2
12124444,1,6,1,-2,3,5
12124449,1,32,8,2,2,2
12124466,1,32,8,2,3,2
12124469,1,32,10,4,8,2
12124473,1,5,8,1,6,3
12124502,1,80,4,2,3,2
12124516,1,80,5,0,3,2
12124526,4,4,10,5,5,2
12124529,1,97,9,5,7,2
12124538,2,32,7,3,2,0
12124544,1,6,2,1,9,3
12124554,1,32,10,4,6,1
12124564,1,97,9,2,7,1
12124567,1,80,4,2,3,2
12124607,4,4,10,2,5,1
12124628,1,96,1,-2,10,3
12124633,4,4,9,1,4,2
12124647,1,32,5,3,3,2
12124652,1,32,9,5,11,2
12124656,1,80,5,0,4,1
12124673,1,97,10,6,6,1
12124706,1,6,2,1,1,3
12124707,1,5,10,6,6,2
12124754,1,80,8,3,3,2
12124759,2,32,6,1,10,2
12124762,1,96,10,6,6,2
12124785,1,32,9,5,5,0
12124798,1,32,9,4,4,1
12124823,1,80,10,6,6,1
12124826,1,5,8,5,6,5
12124831,2,32,10,3,11,1
12124843,1,96,10,5,5,1
12124871,1,80,2,2,3,2
12124905,1,32,9,5,11,1
12124909,1,6,1,-2,4,2
12124918,1,12,5,3,10,2
12124926,1,80,4,3,3,2
12124928,1,80,5,1,3,2
12124939,1,6,1,-2,3,4
12124966,1,6,1,-2,2,6
12124988,1,6,1,-2,3,2
12124989,1,80,10,5,6,2
12125007,1,32,8,4,3,1
12125013,1,5,10,1,7,4
12125014,1,97,10,7,7,3
12125020,1,32,9,1,4,1
12125023,1,80,8,0,2,2
12125038,1,12,8,5,10,2
12125045,1,96,10,5,6,2
12125051,1,32,10,5,5,3
12125055,1,6,1,-2,4,4
12125065,1,32,8,1,3,3
12125069,1,80,3,2,4,2
12125074,4,4,3,0,2,0
12125085,2,32,10,7,11,0
12125102,1,32,10,5,11,2
12125112,1,5,8,4,4,1
12125115,1,80,1,-2,4,5
12125125,1,6,1,-2,6,2
12125132,1,90,9,4,4,1
12125138,1,32,7,3,4,3
12125143,1,80,4,2,4,4
12125148,4,4,8,2,4,3
12125153,1,5,8,5,5,2
12125164,1,80,3,3,3,2
12125178,4,4,2,2,8,3
12125180,1,6,4,2,3,2
12125203,2,80,2,2,2,2
12125216,1,32,8,1,4,2
12125217,1,80,8,4,3,1
12125254,2,32,9,5,11,2
12125262,1,32,10,6,6,1
12125305,1,5,8,3,5,3
12125314,1,32,9,5,6,1
12125316,4,4,8,0,4,1
12125330,1,5,9,4,6,2
12125333,1,80,2,1,3,2
12125334,1,5,9,2,4,1
12125365,1,80,2,3,4,4
12125377,1,2,9,4,5,0
12125390,3,3,2,1,10,4
12125430,1,80,2,2,2,4
12125432,1,6,1,-2,4,5
12125451,1,80,3,4,2,2
12125452,1,80,3,0,1,1
12125473,1,32,9,2,6,1
12125474,4,4,2,3,2,1
12125481,1,80,8,5,4,1
12125520,1,96,10,3,6,2
12125532,1,80,10,3,11,1
12125543,1,6,1,-2,9,6
12125550,4,4,9,5,5,2
12125551,1,80,9,1,9,1
12125556,1,5,10,6,6,1
12125560,1,96,10,5,5,1
12125568,4,4,10,5,6,1
12125587,1,80,8,1,2,2
12125599,1,32,10,6,11,1
12125602,4,4,9,1,5,3
12125606,1,32,9,5,5,2
12125608,1,80,1,-2,3,4
12125620,1,32,8,4,3,1
12125632,1,80,5,2,9,2
12125639,1,6,1,-2,3,2
12125643,1,80,10,7,11,2
12125677,1,80,10,5,6,3
12125678,1,80,3,0,2,1
12125683,1,32,9,1,4,1
12125685,1,6,8,0,6,2
12125692,1,80,5,2,4,1
12125696,2,80,10,5,6,2
12125698,1,32,10,0,4,0
12125704,1,12,3,3,9,3
12125713,1,80,8,5,3,3
12125721,1,80,2,2,6,2
12125738,1,32,8,4,3,1
12125755,1,80,2,-2,2,2
12125758,1,2,10,5,4,1
12125767,1,5,10,5,6,2
12125768,1,2,10,3,6,3
12125781,1,97,5,3,8,2
12125788,1,80,4,2,2,2
12125817,1,12,9,5,9,1
12125820,4,4,2,2,1,3
12125826,1,5,10,4,5,2
12125842,1,80,10,1,4,1
12125844,1,6,1,-2,4,3
12125856,1,32,9,2,6,1
12125857,1,32,5,3,3,2
12125861,4,4,10,5,4,1
12125867,1,5,10,4,5,1
12125874,1,80,5,2,3,2
12125903,1,80,5,5,3,1
12125915,1,5,8,2,5,3
12125924,1,6,2,1,3,3
12125932,1,80,5,2,11,1
12125944,1,80,3,3,4,3
12125947,1,97,10,6,5,1
12125958,1,32,9,1,4,1
12125972,1,5,10,6,5,3
12125973,1,80,3,1,2,4
12126025,1,32,4,2,11,3
12126038,1,6,1,-2,5,3
12126047,1,32,9,5,4,1
12126080,1,6,3,1,1,6
12126108,1,80,4,1,4,1
12126109,1,32,3,1,10,3
12126117,1,97,10,5,5,2
12126138,4,4,9,5,4,1
12126218,1,32,10,5,6,2
12126223,1,32,5,3,3,2
12126225,1,2,10,5,3,1
12126255,1,80,3,1,1,1
12126303,1,97,10,5,7,3
12126326,1,12,9,1,5,0
12126340,4,4,7,1,11,2
12126344,1,80,3,2,3,4
12126345,1,5,10,3,5,3
12126346,1,80,1,-2,4,3
12126351,1,80,3,2,6,1
12126352,1,32,8,1,3,1
12126377,1,5,10,2,6,1
12126392,1,80,3,2,3,1
12126419,1,80,3,2,2,1
12126430,1,6,1,-2,10,5
12126435,1,32,8,1,3,1
12126454,1,80,4,2,4,1
12126473,1,32,9,5,3,1
12126479,1,5,9,5,6,2
12126480,4,4,1,-2,1,4
12126484,1,80,9,3,3,1
12126500,1,80,2,2,3,2
12126506,1,6,1,-2,2,5
12126512,1,32,7,5,10,4
12126527,1,32,8,1,4,1
12126543,1,80,9,3,6,1
12126558,1,5,10,5,11,2
12126572,1,6,3,1,1,1
12126579,1,32,8,4,3,1
12126587,1,80,4,3,3,3
12126593,1,12,8,3,3,2
12126595,1,80,6,2,11,2
12126605,1,6,1,1,2,3
12126610,1,80,5,5,1,3
12126634,1,80,1,1,4,1
12126638,1,96,10,6,6,2
12126644,1,80,10,6,6,1
12126653,1,80,10,5,6,2
12126664,1,5,8,5,4,2
12126679,1,6,2,2,4,2
12126682,2,80,3,3,3,3
12126690,1,6,2,-2,3,2
12126754,1,6,1,-2,4,3
12126771,1,32,5,3,4,1
12126796,1,32,9,1,6,1
12126827,1,12,2,2,11,4
12126835,1,97,9,2,7,4
12126845,4,4,6,4,3,2
12126853,1,80,2,1,2,2
12126861,1,6,1,-2,4,3
12126870,2,80,9,4,6,2
12126884,1,96,10,6,6,1
12126888,1,80,3,3,2,1
12126889,4,4,4,1,3,2
12126899,1,96,9,6,6,2
12126911,1,6,1,-2,2,4
12126912,1,32,6,3,10,2
12126916,1,80,8,5,3,1
12126930,1,32,4,3,11,2
12126947,1,12,6,3,11,2
12126993,1,32,6,2,3,1
12126998,1,80,4,3,2,2
12127007,1,32,9,5,9,1
12127011,1,6,1,-2,3,3
12127013,3,3,9,5,6,1
12127016,1,32,9,5,5,0
12127029,1,97,10,7,11,2
12127038,1,32,8,2,3,1
12127090,4,4,7,1,4,1
12127091,2,32,10,7,11,1
12127118,1,6,1,-2,10,3
12127120,1,80,2,2,4,2
12127131,1,80,1,-2,3,4
12127136,1,80,9,5,3,1
12127151,1,97,10,6,5,2
12127163,1,96,3,2,10,3
12127164,1,80,5,1,4,2
12127166,1,5,9,5,4,1
12127190,1,32,10,5,2,1
12127197,1,32,5,4,3,2
12127198,1,32,8,1,4,1
12127211,1,2,10,3,6,1
12127230,1,2,4,3,1,2
12127233,1,32,9,5,4,2
12127261,1,97,10,6,6,2
12127264,1,80,8,1,4,1
12127284,1,97,10,6,5,2
12127289,4,4,2,-1,2,5
12127295,1,80,4,3,2,2
12127322,1,32,5,2,4,2
12127330,1,80,4,3,2,1
12127335,1,80,1,-2,3,2
12127343,1,80,4,2,4,3
12127363,1,6,1,-2,3,4
12127372,4,4,10,0,11,2
12127375,1,32,10,6,11,0
12127382,1,96,10,6,6,2
12127383,1,5,6,2,8,2
12127391,1,97,10,6,9,2
12127400,1,80,2,2,2,3
12127403,1,32,10,5,3,3
12127430,1,12,5,4,10,2
12127443,1,80,3,2,4,1
12127448,1,32,8,4,4,1
12127458,1,12,3,3,10,1
12127462,1,80,10,5,11,1
12127471,1,32,5,2,4,2
12127488,1,80,9,2,3,2
12127508,1,6,4,2,2,3
12127527,1,6,1,1,2,3
12127559,1,32,9,3,4,1
12127574,1,80,10,5,6,1
12127575,1,32,8,4,3,1
12127581,1,12,6,2,11,2
12127582,1,80,4,3,6,2
12127583,1,80,2,2,4,4
12127607,1,32,5,2,10,1
12127615,1,6,1,-2,3,3
12127616,1,32,8,5,11,1
12127636,4,4,3,2,1,2
12127657,1,6,2,2,1,4
12127667,1,6,1,-2,2,2
12127669,1,6,2,1,4,4
12127677,1,80,2,2,10,2
12127729,1,80,4,2,4,2
12127732,2,97,10,6,6,1
12127736,1,6,1,-2,3,6
12127763,1,32,9,2,10,1
12127777,1,96,10,4,6,1
12127780,1,32,8,3,4,1
12127785,1,6,1,-2,2,4
12127805,1,97,10,5,7,1
12127814,1,97,10,2,5,1
12127818,4,4,5,3,3,2
12127829,4,4,2,1,6,2
12127840,1,5,6,4,4,3
12127844,1,32,9,5,3,1
12127846,1,80,9,4,4,1
12127851,1,32,8,5,11,2
12127871,1,32,8,3,3,2
12127894,4,4,4,4,2,2
12127895,1,6,1,-2,2,4
12127911,1,32,9,5,10,1
12127931,1,6,1,-2,3,3
12127932,1,80,5,3,4,2
12127943,1,80,2,1,5,2
12127960,1,6,3,2,8,3
12127965,1,6,2,2,2,5
12127966,1,32,7,4,3,2
12127979,2,32,10,5,11,2
12127982,1,32,5,2,4,3
12127998,1,5,10,5,6,3
12128002,1,90,5,3,4,2
12128048,1,5,9,6,6,1
12128049,1,80,2,1,4,4
12128051,1,32,5,1,4,1
12128112,1,80,4,1,4,2
12128122,1,80,2,2,3,2
12128126,1,96,10,6,6,1
12128134,1,80,2,2,2,2
12128136,1,6,3,-2,10,2
12128163,4,4,10,3,6,1
12128182,4,4,8,3,2,2
12128186,1,32,8,2,4,2
12128207,1,80,5,2,4,1
12128261,1,32,7,1,4,1
12128275,1,6,1,-2,4,3
12128276,1,32,10,3,5,1
12128284,4,4,1,-2,4,0
12128337,1,6,3,1,4,3
12128344,1,32,8,4,4,1
12128376,1,80,2,2,1,2
12128378,1,96,10,6,6,2
12128380,1,6,2,2,2,4
12128398,1,80,2,1,3,3
12128403,1,12,10,7,6,2
12128414,1,80,3,1,6,3
12128421,1,80,4,3,2,1
12128427,1,80,2,0,3,1
12128433,1,97,10,6,5,2
12128437,4,4,6,4,2,1
12128444,1,2,9,2,6,1
12128447,1,12,10,5,11,2
12128504,1,80,3,2,2,2
12128515,1,97,8,0,3,1
12128526,1,5,9,5,6,3
12128544,1,97,10,4,6,2
12128548,1,32,8,2,3,1
12128550,1,12,9,2,3,3
12128554,1,5,8,5,5,1
12128574,1,80,3,3,4,1
12128580,1,97,10,2,7,1
12128581,1,6,1,-2,2,4
12128582,1,32,3,2,2,0
12128594,1,32,9,1,4,0
12128656,1,6,1,-2,3,3
12128659,1,32,5,2,3,3
12128678,1,80,2,2,6,2
12128679,3,3,9,2,4,2
12128690,1,97,10,6,7,1
12128691,1,80,2,1,2,2
12128695,1,2,10,2,5,1
12128704,1,6,2,1,2,6
12128711,1,32,3,2,10,2
12128724,1,80,3,1,4,1
12128725,1,6,1,-2,4,1
12128729,1,6,3,2,6,3
12128736,1,96,10,7,6,1
12128747,1,32,5,1,2,2
12128752,1,2,9,5,4,2
12128760,1,5,8,2,5,2
12128768,1,6,3,1,2,3
12128772,1,6,2,2,9,2
12128773,1,6,4,2,4,0
12128790,1,5,9,6,6,2
12128795,2,80,3,1,3,2
12128800,1,90,3,3,3,1
12128818,1,80,9,3,3,3
12128827,1,32,9,5,3,1
12128876,1,80,2,2,2,2
12128881,4,4,2,2,3,4
12128887,1,80,1,-2,6,2
12128897,1,6,3,1,4,2
12128904,1,80,2,2,1,2
12128913,1,32,10,5,6,1
12128932,1,32,8,5,4,1
12128933,1,6,2,1,1,3
12128935,1,80,3,3,1,2
12128951,1,12,5,2,5,1
12128962,1,12,2,3,8,2
12128977,1,5,9,4,6,2
12128981,1,2,10,1,3,2
12129006,1,32,9,2,4,1
12129039,4,4,2,2,2,3
12129041,1,97,10,6,5,2
12129048,1,5,9,4,6,2
12129064,1,5,9,4,7,2
12129065,1,32,10,4,4,2
12129074,1,5,8,3,11,2
12129081,1,32,10,7,11,3
12129083,1,80,2,2,2,2
12129084,1,32,5,3,4,1
12129094,1,5,8,4,5,2
12129102,1,5,9,2,6,1
12129106,1,32,9,5,6,2
12129116,1,32,8,1,4,2
12129132,1,32,5,1,3,2
12129137,1,97,10,4,6,1
12129141,1,32,9,4,4,2
12129161,4,4,8,3,4,1
12129184,1,90,4,1,2,2
12129206,1,32,9,2,4,1
12129229,1,32,8,5,4,1
12129246,2,80,4,4,3,2
12129261,1,32,9,4,6,1
12129267,1,2,10,6,6,1
12129273,1,32,9,4,5,2
12129296,1,80,5,1,2,6
12129310,1,6,1,-2,1,1
12129321,1,32,8,1,3,1
12129322,1,80,7,2,4,0
12129329,1,80,10,5,6,2
12129369,1,6,1,-2,3,3
12129371,1,5,6,2,4,3
12129385,1,5,10,6,5,2
12129388,1,80,3,2,2,3
12129395,1,80,4,2,4,1
12129413,1,96,10,7,6,2
12129435,1,80,4,2,4,1
12129441,1,32,9,4,3,1
12129446,1,32,9,4,5,1
12129456,2,32,10,7,11,1
12129457,1,80,8,3,3,2
12129471,1,12,5,3,10,2
12129484,1,6,2,3,8,1
12129510,1,32,9,4,3,1
12129531,1,32,9,5,6,1
12129540,1,2,9,3,5,2
12129557,1,12,5,2,10,2
12129560,3,3,1,-2,1,1
12129574,1,32,8,3,5,2
12129591,1,32,8,2,10,2
12129595,1,32,8,4,3,1
12129616,1,80,9,5,4,2
12129621,1,6,2,2,5,2
12129622,1,80,3,0,1,1
12129664,1,97,10,2,6,1
12129688,1,32,8,5,10,2
12129700,1,80,8,1,3,1
12129753,1,32,7,2,4,3
12129766,1,32,10,6,11,0
12129774,1,5,10,6,5,3
12129784,1,32,7,1,2,2
12129793,1,32,9,5,4,1
12129805,1,97,10,5,6,2
12129806,1,80,5,3,1,1
12129821,1,6,1,-2,1,4
12129856,1,32,10,5,5,1
12129863,1,5,9,5,5,2
12129876,1,80,8,4,5,1
12129882,1,5,9,5,6,3
12129897,1,32,10,6,11,1
12129923,4,4,2,1,3,1
12129927,1,96,10,6,6,1
12129947,1,5,8,3,4,3
12129957,1,5,8,3,5,2
12129973,4,4,3,2,1,2
12129978,4,4,9,1,6,2
12129988,1,32,6,2,3,1
12129999,1,80,4,4,4,2
12130001,1,80,2,1,2,2
